Priority,Page Type,Page / Service,Suggested URL,Focus Keyword,SEO Title,Title Length,Meta Description,Description Length,H1,CTA
P1,Core Pillar,Home,/,website development app development ai automation digital marketing agency,"Clever Crow | Websites, Apps, AI Automation & Digital Marketing",63,"Clever Crow helps businesses grow with high-performance websites, custom apps, AI automation, Google Ads, Meta Ads, SEO and lead generation systems.",148,"Websites, Apps, AI Automation & Marketing Systems Built for Business Growth",Book a Free Strategy Call
P1,Core Pillar,Website Development,/website-development-company,website development company in India,Website Development Company in India | Clever Crow,50,"Build fast, modern and conversion-focused business websites, React/Next.js websites, ecommerce stores, landing pages and website redesigns with Clever Crow.",156,Website Development Company for Modern Businesses,Discuss Your Website
P1,Core Pillar,App Development,/app-development-company,app development company in India,App Development Company in India | Clever Crow,46,"Clever Crow builds mobile apps, web apps, SaaS products, CRM dashboards, booking systems, admin panels and customer portals for growing businesses.",147,App Development Company for Scalable Digital Products,Plan Your App
P1,Core Pillar,AI Automation,/ai-automation-agency,AI automation agency India,AI Automation Agency in India | Clever Crow,43,"Automate lead follow-ups, WhatsApp conversations, CRM workflows, customer support and sales processes with practical AI automation solutions.",141,"AI Automation Agency for Sales, Support and Operations",Automate Your Workflow
P1,Core Pillar,Digital Marketing,/digital-marketing-agency,digital marketing agency in India,Digital Marketing Agency in India | Clever Crow,47,"Grow enquiries and sales with Google Ads, Meta Ads, SEO, social media management, lead generation campaigns and performance marketing.",134,Digital Marketing Agency Focused on Leads and Growth,Get a Growth Plan
P1,Website Development,Business Website Development,/business-website-development,business website development company,Business Website Development Company | Clever Crow,50,"Get a professional business website designed to build trust, explain your services clearly and convert visitors into enquiries.",127,Business Website Development for Service Brands,Get a Website Quote
P1,Website Development,React / Next.js Website Development,/react-nextjs-website-development,React Next.js website development company,React & Next.js Website Development Company | Clever Crow,57,"Build fast, secure and scalable React and Next.js websites with premium UI, strong performance and SEO-friendly structure.",122,React and Next.js Website Development Company,Discuss React Website
P1,Website Development,Ecommerce Website Development,/ecommerce-website-development,ecommerce website development company,Ecommerce Website Development Company | Clever Crow,51,"Launch an ecommerce website with clean product pages, smooth checkout, tracking setup and performance-focused design.",117,Ecommerce Website Development for Growing Brands,Build Ecommerce Website
P2,Website Development,Landing Page Development,/landing-page-development,landing page development services,Landing Page Development Services | Clever Crow,47,"Create high-converting landing pages for Google Ads, Meta Ads, lead generation campaigns, product launches and service offers.",126,Landing Page Development for Better Conversions,Create Landing Page
P2,Website Development,Website Redesign,/website-redesign-services,website redesign company,Website Redesign Services | Clever Crow,39,"Redesign your outdated website into a faster, cleaner and more conversion-focused experience for modern customers.",114,Website Redesign Services for Better Brand Presence,Redesign My Website
P2,Website Development,Website Maintenance,/website-maintenance-services,website maintenance services,Website Maintenance Services | Clever Crow,42,"Keep your website updated, secure and working smoothly with regular content updates, fixes, backups and performance support.",124,Website Maintenance Services for Businesses,Get Maintenance Support
P1,App Development,Mobile App Development,/mobile-app-development,mobile app development company,Mobile App Development Company | Clever Crow,44,"Design and develop mobile apps for business operations, customer engagement, booking, sales, support and digital products.",122,Mobile App Development Company for Business Apps,Plan Mobile App
P1,App Development,Web App Development,/web-app-development,web app development company,Web App Development Company | Clever Crow,41,"Build custom web applications, dashboards, portals and internal tools that simplify operations and improve customer experience.",127,Web App Development Company for Custom Platforms,Build Web App
P1,App Development,SaaS Product Development,/saas-product-development,SaaS product development company,SaaS Product Development Company | Clever Crow,46,"Turn your SaaS idea into a scalable product with planning, UI design, development, dashboards, subscriptions and launch support.",128,SaaS Product Development Company,Discuss SaaS Product
P1,App Development,CRM & Dashboard Development,/crm-dashboard-development,CRM dashboard development company,CRM & Dashboard Development Company | Clever Crow,49,"Build custom CRM systems and business dashboards to track leads, sales, follow-ups, teams, bookings and customer activity.",122,CRM and Dashboard Development for Businesses,Build CRM Dashboard
P2,App Development,Booking System Development,/booking-system-development,booking system development,Booking System Development Company | Clever Crow,48,"Create custom booking systems for hotels, resorts, clinics, events and service businesses with enquiry and payment tracking.",124,Booking System Development for Service Businesses,Build Booking System
P2,App Development,Admin Panel Development,/admin-panel-development,admin panel development company,Admin Panel Development Company | Clever Crow,45,"Manage users, content, bookings, orders, leads and reports with a secure custom admin panel built for your business workflow.",125,Admin Panel Development for Custom Platforms,Create Admin Panel
P2,App Development,Customer Portal Development,/customer-portal-development,customer portal development company,Customer Portal Development Company | Clever Crow,49,"Give customers a secure portal to view requests, bookings, documents, payments, support updates and account information.",120,Customer Portal Development for Better Customer Experience,Build Customer Portal
P1,AI Automation,AI Chatbot Development,/ai-chatbot-development,AI chatbot development company,AI Chatbot Development Company | Clever Crow,44,"Build AI chatbots for websites, WhatsApp and support workflows to answer queries, capture leads and reduce manual follow-up.",124,AI Chatbot Development for Business Support and Leads,Build AI Chatbot
P1,AI Automation,WhatsApp Automation,/whatsapp-automation-services,WhatsApp automation services,WhatsApp Automation Services | Clever Crow,42,"Automate WhatsApp replies, lead qualification, follow-ups, reminders and customer communication with practical business workflows.",130,WhatsApp Automation Services for Business Leads,Automate WhatsApp
P1,AI Automation,Lead Management Automation,/lead-management-automation,lead management automation,Lead Management Automation Services | Clever Crow,49,"Capture, assign, track and follow up with leads automatically using CRM workflows, WhatsApp alerts and sales pipeline automation.",129,Lead Management Automation for Sales Teams,Automate Lead Follow-Up
P2,AI Automation,CRM Automation,/crm-automation-services,CRM automation services,CRM Automation Services | Clever Crow,37,"Automate CRM updates, lead stages, reminders, task assignments and reporting so your sales team never misses a follow-up.",121,CRM Automation Services for Growing Businesses,Automate CRM
P2,AI Automation,Sales Follow-Up Automation,/sales-follow-up-automation,sales follow up automation,Sales Follow-Up Automation Services | Clever Crow,49,"Set up automated follow-up sequences across WhatsApp, email and CRM to improve response speed and lead conversion.",114,Sales Follow-Up Automation for Better Conversions,Set Up Follow-Ups
P2,AI Automation,Workflow Automation,/workflow-automation-services,workflow automation services,Workflow Automation Services | Clever Crow,42,"Reduce repetitive work by automating approvals, lead routing, notifications, reports and daily business processes.",114,Workflow Automation Services for Business Operations,Automate Workflow
P2,AI Automation,AI Customer Support Automation,/ai-customer-support-automation,AI customer support automation,AI Customer Support Automation | Clever Crow,44,"Use AI automation to handle common customer questions, support requests, status updates and escalation workflows faster.",120,AI Customer Support Automation for Faster Response,Automate Support
P1,Digital Marketing,Google Ads Management,/google-ads-management-services,Google Ads management services,Google Ads Management Services | Clever Crow,44,"Run Google Search, lead generation and conversion-focused ad campaigns with keyword planning, tracking and ongoing optimization.",128,Google Ads Management Services for Quality Leads,Start Google Ads
P1,Digital Marketing,Meta Ads Management,/meta-ads-management-services,Meta Ads management services,Meta Ads Management Services | Clever Crow,42,"Generate leads and enquiries through Facebook and Instagram ads with strong creatives, targeting, testing and campaign optimization.",132,Meta Ads Management Services for Lead Generation,Start Meta Ads
P1,Digital Marketing,SEO Services,/seo-services,SEO services in India,SEO Services in India | Clever Crow,35,"Improve organic visibility with keyword research, on-page SEO, technical SEO, content planning, local SEO and performance tracking.",131,SEO Services for Long-Term Organic Growth,Plan SEO
P1,Digital Marketing,Social Media Management,/social-media-management-services,social media management agency,Social Media Management Agency | Clever Crow,44,"Build a consistent social media presence with content planning, post design, reels, captions, publishing and monthly reporting.",127,Social Media Management for Growing Brands,Manage Social Media
P2,Digital Marketing,Lead Generation Campaigns,/lead-generation-campaigns,lead generation agency,Lead Generation Campaigns Agency | Clever Crow,46,"Plan and run lead generation campaigns across Google, Meta, landing pages and WhatsApp with tracking and follow-up systems.",123,Lead Generation Campaigns for Business Growth,Generate Leads
P2,Digital Marketing,Performance Marketing,/performance-marketing-agency,performance marketing agency,Performance Marketing Agency | Clever Crow,42,"Scale paid campaigns with data-led strategy, creative testing, conversion tracking and continuous optimization for better ROI.",126,Performance Marketing Agency for Measurable Growth,Scale Campaigns
P2,Digital Marketing,Analytics & Tracking Setup,/analytics-tracking-setup,analytics tracking setup,Analytics & Tracking Setup Services | Clever Crow,49,"Set up GA4, Google Tag Manager, Meta Pixel, conversion events and lead tracking to measure every campaign properly.",115,Analytics and Tracking Setup for Better Marketing Decisions,Fix Tracking
P1,Location Page,Digital Marketing Agency in Udupi,/digital-marketing-agency-udupi,digital marketing agency in Udupi,Digital Marketing Agency in Udupi | Clever Crow,47,"Clever Crow is a Udupi-based digital marketing agency helping businesses with Google Ads, Meta Ads, SEO, social media and lead generation.",138,Digital Marketing Agency in Udupi,Contact Udupi Team
P1,Location Page,Website Development Company in Udupi,/website-development-company-udupi,website development company in Udupi,Website Development Company in Udupi | Clever Crow,50,"Build a professional business website, ecommerce site, landing page or React/Next.js website with Clever Crow in Udupi.",119,Website Development Company in Udupi,Get Website Quote
P2,Location Page,Digital Marketing Agency in Mangalore,/digital-marketing-agency-mangalore,digital marketing agency in Mangalore,Digital Marketing Agency in Mangalore | Clever Crow,51,"Get Google Ads, Meta Ads, SEO, social media and lead generation support for your Mangalore business from Clever Crow.",117,Digital Marketing Agency in Mangalore,Get Marketing Plan
P2,Location Page,Website Development Company in Mangalore,/website-development-company-mangalore,website development company in Mangalore,Website Development Company in Mangalore | Clever Crow,54,"Clever Crow builds business websites, ecommerce websites, landing pages and web apps for companies in and around Mangalore.",123,Website Development Company in Mangalore,Discuss Website
P2,Location Page,Digital Marketing Agency in Bangalore,/digital-marketing-agency-bangalore,digital marketing agency in Bangalore,Digital Marketing Agency in Bangalore | Clever Crow,51,"Clever Crow helps Bangalore businesses grow with performance marketing, SEO, Google Ads, Meta Ads and lead generation systems.",126,Digital Marketing Agency in Bangalore,Plan Growth
P1,Industry Page,Hotels & Resorts Marketing,/industries/hotels-resorts-marketing,digital marketing for hotels and resorts,Digital Marketing for Hotels & Resorts | Clever Crow,52,"Attract direct enquiries and bookings for hotels, resorts, homestays and villas with branding, ads, SEO and booking-ready funnels.",130,"Digital Marketing for Hotels, Resorts and Homestays",Get Property Review
P1,Industry Page,Real Estate Digital Marketing,/industries/real-estate-digital-marketing,real estate digital marketing agency,Real Estate Digital Marketing Agency | Clever Crow,50,"Generate quality enquiries for plots, apartments, villas and commercial projects with landing pages, Google Ads, Meta Ads and tracking.",135,Real Estate Digital Marketing for Project Enquiries,Plan Real Estate Campaign
P2,Industry Page,Healthcare Digital Marketing,/industries/healthcare-digital-marketing,healthcare digital marketing agency,Healthcare Digital Marketing Agency | Clever Crow,49,"Grow patient enquiries for hospitals, clinics and healthcare brands with website, SEO, Google Ads, Meta Ads and lead tracking.",126,Healthcare Digital Marketing for Patient Enquiries,Grow Healthcare Leads
P2,Industry Page,Education Marketing,/industries/education-marketing,education digital marketing agency,Education Digital Marketing Agency | Clever Crow,48,"Promote colleges, institutes, admissions and courses with performance campaigns, landing pages, SEO and enquiry management systems.",131,Education Digital Marketing for Admissions Growth,Plan Admission Campaign
P2,Industry Page,Ecommerce Growth Marketing,/industries/ecommerce-growth-marketing,ecommerce growth marketing agency,Ecommerce Growth Marketing Agency | Clever Crow,47,"Grow ecommerce sales with conversion-focused websites, product pages, Meta Ads, Google Ads, tracking and campaign optimization.",127,Ecommerce Growth Marketing for Online Brands,Grow Ecommerce Sales
